algorithm,training,extra_pieces,language,words,tokens,fertility,tokens_per_char,boundary_P,boundary_R,boundary_F1,tok_exact,tok_fragment,tok_merged,tok_straddle
BPE,joint,50,ami,2505,6850,2.735,0.614,0.145,0.915,0.251,1409,5382,0,59
BPE,joint,50,en,2316,6684,2.886,0.723,0.051,0.82,0.096,653,5982,0,49
BPE,joint,50,zh,2833,3410,1.204,0.987,0.802,1.0,0.89,2304,1106,0,0
BPE,joint,150,ami,2505,5464,2.181,0.49,0.199,0.851,0.322,1773,3588,27,76
BPE,joint,150,en,2316,5380,2.323,0.582,0.072,0.816,0.133,1107,4223,0,50
BPE,joint,150,zh,2833,3232,1.141,0.935,0.825,0.967,0.89,2234,920,78,0
BPE,joint,400,ami,2505,4316,1.723,0.387,0.257,0.673,0.372,2093,2006,97,120
BPE,joint,400,en,2316,4189,1.809,0.453,0.083,0.574,0.145,1495,2578,40,76
BPE,joint,400,zh,2833,2896,1.022,0.838,0.847,0.87,0.858,1910,708,274,4
BPE,joint,1000,ami,2505,3481,1.39,0.312,0.297,0.42,0.348,2116,997,243,125
BPE,joint,1000,en,2316,3197,1.38,0.346,0.102,0.331,0.156,1794,1221,119,63
BPE,joint,1000,zh,2833,2369,0.836,0.686,0.88,0.705,0.783,1405,437,523,4
BPE,mono,50,ami,2505,6165,2.461,0.552,0.178,0.941,0.299,1621,4503,8,33
BPE,mono,50,en,2316,6025,2.601,0.652,0.062,0.849,0.116,996,4988,0,41
BPE,mono,50,zh,2833,2885,1.018,0.835,0.834,0.853,0.844,1840,729,312,4
BPE,mono,150,ami,2505,4706,1.879,0.422,0.232,0.738,0.353,2036,2498,75,97
BPE,mono,150,en,2316,4611,1.991,0.499,0.079,0.665,0.141,1391,3129,40,51
BPE,mono,150,zh,2833,2522,0.89,0.73,0.859,0.744,0.797,1540,517,462,3
BPE,mono,400,ami,2505,3538,1.412,0.317,0.299,0.447,0.358,2138,1048,237,115
BPE,mono,400,en,2316,3401,1.468,0.368,0.1,0.401,0.161,1739,1499,98,65
BPE,mono,400,zh,2833,2002,0.707,0.579,0.884,0.569,0.692,1063,313,619,7
BPE,mono,1000,ami,2505,3128,1.249,0.28,0.324,0.292,0.307,2103,603,339,83
BPE,mono,1000,en,2316,2851,1.231,0.308,0.136,0.268,0.181,1948,706,171,26
BPE,mono,1000,zh,2833,2002,0.707,0.579,0.884,0.569,0.692,1063,313,619,7
WordPiece,joint,50,ami,2505,11160,4.455,1.0,0.08,1.0,0.148,307,10853,0,0
WordPiece,joint,50,en,2316,9244,3.991,1.0,0.039,1.0,0.076,181,9063,0,0
WordPiece,joint,50,zh,2833,3336,1.178,0.966,0.812,0.987,0.891,2335,974,24,3
WordPiece,joint,150,ami,2505,11160,4.455,1.0,0.08,1.0,0.148,307,10853,0,0
WordPiece,joint,150,en,2316,9244,3.991,1.0,0.039,1.0,0.076,181,9063,0,0
WordPiece,joint,150,zh,2833,3004,1.06,0.869,0.845,0.907,0.875,2134,687,183,0
WordPiece,joint,400,ami,2505,11160,4.455,1.0,0.08,1.0,0.148,307,10853,0,0
WordPiece,joint,400,en,2316,9223,3.982,0.998,0.039,1.0,0.076,181,9042,0,0
WordPiece,joint,400,zh,2833,2219,0.783,0.642,0.839,0.618,0.712,1186,459,568,6
WordPiece,joint,1000,ami,2505,9072,3.622,0.813,0.101,0.961,0.183,847,8198,4,23
WordPiece,joint,1000,en,2316,5662,2.445,0.613,0.064,0.783,0.118,1243,4360,40,19
WordPiece,joint,1000,zh,2833,2167,0.765,0.627,0.848,0.606,0.707,1141,432,584,10
WordPiece,mono,50,ami,2505,10737,4.286,0.962,0.084,1.0,0.155,342,10395,0,0
WordPiece,mono,50,en,2316,8847,3.82,0.957,0.041,0.993,0.079,282,8563,0,2
WordPiece,mono,50,zh,2833,3336,1.178,0.966,0.812,0.987,0.891,2335,974,24,3
WordPiece,mono,150,ami,2505,9954,3.974,0.892,0.089,0.964,0.164,419,9510,12,13
WordPiece,mono,150,en,2316,7826,3.379,0.847,0.046,0.926,0.087,403,7403,13,7
WordPiece,mono,150,zh,2833,3005,1.061,0.87,0.85,0.913,0.881,2165,671,167,2
WordPiece,mono,400,ami,2505,7363,2.939,0.66,0.111,0.78,0.194,1004,6207,33,119
WordPiece,mono,400,en,2316,6038,2.607,0.653,0.05,0.688,0.094,823,5130,70,15
WordPiece,mono,400,zh,2833,2221,0.784,0.643,0.876,0.646,0.744,1305,388,522,6
WordPiece,mono,1000,ami,2505,3459,1.381,0.31,0.198,0.274,0.23,1988,1030,322,119
WordPiece,mono,1000,en,2316,2850,1.231,0.308,0.142,0.279,0.189,1963,693,171,23
WordPiece,mono,1000,zh,2833,2129,0.752,0.616,0.867,0.606,0.713,1145,390,586,8
Unigram LM,joint,50,ami,2505,6996,2.793,0.627,0.152,0.987,0.263,1523,5464,0,9
Unigram LM,joint,50,en,2316,6796,2.934,0.735,0.05,0.827,0.095,732,6017,0,47
Unigram LM,joint,50,zh,2833,3413,1.205,0.988,0.801,1.0,0.889,2304,1109,0,0
Unigram LM,joint,150,ami,2505,5520,2.204,0.495,0.193,0.844,0.315,1943,3469,57,51
Unigram LM,joint,150,en,2316,5494,2.372,0.594,0.064,0.743,0.117,1293,4131,32,38
Unigram LM,joint,150,zh,2833,3126,1.103,0.905,0.831,0.936,0.88,2133,854,139,0
Unigram LM,joint,400,ami,2505,4375,1.747,0.392,0.28,0.757,0.408,2243,1964,93,75
Unigram LM,joint,400,en,2316,4113,1.776,0.445,0.104,0.684,0.18,1742,2285,68,18
Unigram LM,joint,400,zh,2833,2839,1.002,0.822,0.848,0.85,0.849,1866,680,293,0
Unigram LM,joint,1000,ami,2505,3666,1.463,0.328,0.345,0.58,0.433,2273,1105,137,151
Unigram LM,joint,1000,en,2316,3079,1.329,0.333,0.16,0.449,0.236,1957,972,121,29
Unigram LM,joint,1000,zh,2833,2042,0.721,0.591,0.9,0.595,0.716,1162,296,579,5
Unigram LM,mono,50,ami,2505,6284,2.509,0.563,0.17,0.931,0.288,1770,4466,21,27
Unigram LM,mono,50,en,2316,6130,2.647,0.663,0.07,0.982,0.131,1210,4915,0,5
Unigram LM,mono,50,zh,2833,2881,1.017,0.834,0.842,0.859,0.851,1906,689,286,0
Unigram LM,mono,150,ami,2505,4624,1.846,0.414,0.252,0.773,0.38,2200,2267,86,71
Unigram LM,mono,150,en,2316,4551,1.965,0.492,0.096,0.787,0.171,1654,2839,51,7
Unigram LM,mono,150,zh,2833,2512,0.887,0.727,0.87,0.751,0.806,1617,464,429,2
Unigram LM,mono,400,ami,2505,3586,1.432,0.321,0.396,0.619,0.483,2342,983,131,130
Unigram LM,mono,400,en,2316,3121,1.348,0.338,0.164,0.485,0.245,1970,1011,120,20
Unigram LM,mono,400,zh,2833,1944,0.686,0.563,0.884,0.547,0.676,976,300,659,9
Unigram LM,mono,1000,ami,2505,3431,1.37,0.307,0.421,0.564,0.482,2316,817,136,162
Unigram LM,mono,1000,en,2316,2870,1.239,0.31,0.204,0.415,0.274,1974,737,122,37
Unigram LM,mono,1000,zh,2833,1944,0.686,0.563,0.884,0.547,0.676,976,300,659,9
